{"cameraMode":{"drawMode":0,"name":"Shaded","section":"Shading Mode"},"sceneLighting":false,"audioPlay":false,"sceneViewState":{"m_AlwaysRefresh":false,"showFog":true,"showSkybox":false,"showFlares":true,"showImageEffects":true,"showParticleSystems":true,"showVisualEffectGraphs":true,"m_FxEnabled":true},"in2DMode":false,"pivot":{"x":-0.00003444868343649432,"y":-0.000006018051863065921,"z":0.000014556476344296243},"rotation":{"x":-0.1617097407579422,"y":0.8235602974891663,"z":-0.2892940640449524,"w":-0.4603375196456909},"size":0.000017320508050033823,"orthographic":false}